2Theta,Intensity
10.00,4.78
10.02,4.74
10.04,4.83
10.06,6.05
10.08,4.81
10.10,2.75
10.12,5.50
10.14,4.60
10.16,4.67
10.18,5.17
10.20,5.35
10.22,6.75
10.24,5.98
10.26,5.17
10.28,3.89
10.30,3.48
10.32,5.37
10.34,6.97
10.36,5.06
10.38,4.84
10.40,5.80
10.42,2.82
10.44,4.53
10.46,5.74
10.48,6.31
10.50,4.64
10.52,5.56
10.54,5.37
10.56,6.17
10.58,3.33
10.60,5.85
10.62,2.73
10.64,1.07
10.66,4.09
10.68,3.63
10.70,6.31
10.72,6.00
10.74,3.17
10.76,6.27
10.78,3.50
10.80,4.87
10.82,4.56
10.84,5.17
10.86,6.23
10.88,5.96
10.90,5.52
10.92,5.97
10.94,5.72
10.96,4.06
10.98,3.92
11.00,4.30
11.02,5.75
11.04,4.62
11.06,8.50
11.08,3.77
11.10,3.35
11.12,6.15
11.14,7.13
11.16,5.76
11.18,6.25
11.20,7.14
11.22,4.86
11.24,2.87
11.26,4.20
11.28,6.43
11.30,2.83
11.32,5.05
11.34,5.38
11.36,4.53
11.38,6.09
11.40,5.87
11.42,8.48
11.44,5.93
11.46,4.09
11.48,4.16
11.50,3.75
11.52,6.43
11.54,4.15
11.56,4.89
11.58,6.12
11.60,3.91
11.62,4.56
11.64,2.24
11.66,3.38
11.68,4.15
11.70,5.62
11.72,6.79
11.74,4.97
11.76,5.39
11.78,5.25
11.80,6.63
11.82,6.34
11.84,5.41
11.86,3.48
11.88,6.36
11.90,5.57
11.92,6.84
11.94,4.96
11.96,7.93
11.98,4.46
12.00,7.39
12.02,5.17
12.04,4.23
12.06,3.31
12.08,4.77
12.10,7.13
12.12,6.22
12.14,6.03
12.16,1.44
12.18,6.07
12.20,5.83
12.22,4.18
12.24,4.06
12.26,5.00
12.28,7.59
12.30,3.42
12.32,4.36
12.34,7.04
12.36,4.33
12.38,4.45
12.40,5.15
12.42,3.14
12.44,5.33
12.46,3.19
12.48,6.33
12.50,5.00
12.52,8.43
12.54,5.42
12.56,7.05
12.58,3.05
12.60,4.82
12.62,5.48
12.64,7.62
12.66,2.48
12.68,6.49
12.70,5.89
12.72,7.30
12.74,6.07
12.76,5.08
12.78,4.22
12.80,3.13
12.82,5.29
12.84,4.71
12.86,8.03
12.88,4.08
12.90,5.48
12.92,2.65
12.94,4.41
12.96,5.39
12.98,6.24
13.00,7.17
13.02,4.93
13.04,3.32
13.06,5.69
13.08,5.78
13.10,5.74
13.12,3.95
13.14,6.70
13.16,5.13
13.18,6.05
13.20,6.91
13.22,5.91
13.24,5.43
13.26,8.23
13.28,5.37
13.30,4.56
13.32,5.17
13.34,7.22
13.36,5.18
13.38,5.78
13.40,6.79
13.42,4.23
13.44,2.41
13.46,5.45
13.48,5.34
13.50,4.09
13.52,6.31
13.54,5.91
13.56,3.51
13.58,5.78
13.60,4.71
13.62,2.78
13.64,5.68
13.66,4.93
13.68,3.88
13.70,5.78
13.72,5.73
13.74,4.13
13.76,5.60
13.78,6.52
13.80,3.93
13.82,5.57
13.84,5.00
13.86,8.40
13.88,2.21
13.90,6.04
13.92,4.54
13.94,4.85
13.96,7.85
13.98,4.99
14.00,8.36
14.02,4.34
14.04,5.53
14.06,4.26
14.08,3.96
14.10,5.09
14.12,4.58
14.14,5.30
14.16,1.84
14.18,8.00
14.20,4.75
14.22,7.61
14.24,3.49
14.26,5.44
14.28,9.75
14.30,3.70
14.32,2.76
14.34,4.18
14.36,5.71
14.38,6.04
14.40,6.94
14.42,4.61
14.44,2.60
14.46,4.35
14.48,6.86
14.50,5.70
14.52,2.06
14.54,4.95
14.56,7.10
14.58,8.19
14.60,5.84
14.62,5.46
14.64,3.14
14.66,3.74
14.68,5.07
14.70,5.75
14.72,5.87
14.74,4.28
14.76,3.27
14.78,3.83
14.80,3.26
14.82,5.97
14.84,1.53
14.86,4.50
14.88,5.67
14.90,7.28
14.92,5.11
14.94,6.50
14.96,4.40
14.98,3.88
15.00,3.99
15.02,7.29
15.04,6.49
15.06,5.73
15.08,10.00
15.10,4.95
15.12,5.93
15.14,5.46
15.16,4.67
15.18,8.47
15.20,7.26
15.22,2.90
15.24,4.40
15.26,5.64
15.28,6.17
15.30,2.98
15.32,1.62
15.34,2.14
15.36,4.89
15.38,4.85
15.40,5.52
15.42,3.85
15.44,3.16
15.46,1.97
15.48,5.49
15.50,5.56
15.52,6.49
15.54,6.19
15.56,4.71
15.58,7.02
15.60,4.80
15.62,4.01
15.64,4.22
15.66,4.12
15.68,1.75
15.70,5.23
15.72,5.37
15.74,4.46
15.76,3.93
15.78,5.56
15.80,7.58
15.82,5.06
15.84,4.24
15.86,4.11
15.88,4.90
15.90,3.10
15.92,4.81
15.94,5.09
15.96,7.77
15.98,6.42
16.00,6.55
16.02,3.93
16.04,6.00
16.06,3.29
16.08,5.47
16.10,5.63
16.12,3.85
16.14,8.00
16.16,5.85
16.18,2.15
16.20,5.83
16.22,4.39
16.24,5.00
16.26,5.70
16.28,5.59
16.30,1.94
16.32,3.26
16.34,6.16
16.36,6.95
16.38,7.85
16.40,7.70
16.42,1.92
16.44,6.15
16.46,2.13
16.48,7.42
16.50,5.38
16.52,3.29
16.54,8.01
16.56,5.97
16.58,2.16
16.60,5.44
16.62,3.90
16.64,5.17
16.66,4.30
16.68,7.06
16.70,2.87
16.72,5.48
16.74,7.72
16.76,3.76
16.78,5.32
16.80,5.30
16.82,3.97
16.84,5.97
16.86,5.15
16.88,3.58
16.90,7.64
16.92,6.19
16.94,4.75
16.96,4.04
16.98,3.82
17.00,6.85
17.02,4.78
17.04,5.69
17.06,4.72
17.08,5.92
17.10,4.83
17.12,6.15
17.14,4.73
17.16,6.24
17.18,6.01
17.20,4.83
17.22,3.71
17.24,3.59
17.26,3.89
17.28,3.52
17.30,6.30
17.32,4.93
17.34,7.36
17.36,8.42
17.38,5.04
17.40,2.68
17.42,4.43
17.44,4.89
17.46,2.77
17.48,4.62
17.50,5.43
17.52,4.31
17.54,3.85
17.56,3.86
17.58,7.68
17.60,4.76
17.62,3.76
17.64,4.44
17.66,6.43
17.68,3.97
17.70,5.72
17.72,6.09
17.74,6.12
17.76,7.10
17.78,4.17
17.80,6.70
17.82,3.81
17.84,4.41
17.86,6.79
17.88,6.23
17.90,5.00
17.92,3.21
17.94,5.84
17.96,4.05
17.98,3.61
18.00,4.03
18.02,5.37
18.04,1.82
18.06,5.54
18.08,5.26
18.10,4.12
18.12,6.56
18.14,5.92
18.16,4.09
18.18,3.99
18.20,6.04
18.22,2.73
18.24,4.50
18.26,4.05
18.28,5.10
18.30,5.32
18.32,5.06
18.34,6.70
18.36,5.34
18.38,4.53
18.40,3.18
18.42,6.08
18.44,5.79
18.46,7.18
18.48,3.88
18.50,5.04
18.52,4.91
18.54,4.87
18.56,5.02
18.58,2.43
18.60,6.24
18.62,5.98
18.64,6.70
18.66,8.37
18.68,4.52
18.70,4.95
18.72,5.01
18.74,7.91
18.76,2.40
18.78,5.73
18.80,2.79
18.82,1.13
18.84,1.97
18.86,2.93
18.88,6.60
18.90,3.70
18.92,4.66
18.94,3.25
18.96,5.92
18.98,3.35
19.00,6.98
19.02,3.51
19.04,3.85
19.06,5.18
19.08,5.04
19.10,7.14
19.12,5.18
19.14,3.19
19.16,4.16
19.18,4.14
19.20,6.09
19.22,5.58
19.24,4.82
19.26,6.30
19.28,4.21
19.30,4.80
19.32,5.27
19.34,7.29
19.36,4.85
19.38,4.47
19.40,3.43
19.42,6.03
19.44,4.12
19.46,5.52
19.48,2.15
19.50,6.56
19.52,3.00
19.54,3.83
19.56,6.59
19.58,3.00
19.60,4.88
19.62,5.11
19.64,3.50
19.66,7.01
19.68,7.25
19.70,2.04
19.72,2.83
19.74,6.21
19.76,3.05
19.78,4.42
19.80,5.19
19.82,6.04
19.84,4.67
19.86,5.14
19.88,3.83
19.90,6.94
19.92,4.26
19.94,5.51
19.96,4.23
19.98,5.16
20.00,4.75
20.02,4.76
20.04,3.48
20.06,6.20
20.08,7.12
20.10,5.37
20.12,6.10
20.14,6.26
20.16,6.40
20.18,5.47
20.20,5.35
20.22,6.34
20.24,5.18
20.26,3.66
20.28,5.23
20.30,2.48
20.32,5.47
20.34,6.35
20.36,7.94
20.38,6.81
20.40,8.68
20.42,8.23
20.44,7.96
20.46,9.01
20.48,11.76
20.50,13.78
20.52,19.96
20.54,22.50
20.56,28.10
20.58,32.40
20.60,39.46
20.62,45.53
20.64,49.32
20.66,56.34
20.68,62.29
20.70,66.63
20.72,75.41
20.74,80.63
20.76,82.20
20.78,83.55
20.80,86.64
20.82,80.77
20.84,82.47
20.86,79.06
20.88,73.54
20.90,71.15
20.92,64.55
20.94,56.36
20.96,50.16
20.98,43.36
21.00,37.12
21.02,30.33
21.04,29.31
21.06,24.35
21.08,20.21
21.10,14.19
21.12,16.34
21.14,14.10
21.16,9.77
21.18,6.88
21.20,5.99
21.22,7.22
21.24,4.71
21.26,5.67
21.28,7.11
21.30,3.05
21.32,8.21
21.34,7.47
21.36,3.22
21.38,2.92
21.40,4.60
21.42,3.47
21.44,4.61
21.46,1.13
21.48,4.66
21.50,7.71
21.52,3.33
21.54,4.59
21.56,2.77
21.58,5.96
21.60,4.66
21.62,7.91
21.64,5.31
21.66,4.44
21.68,5.83
21.70,4.24
21.72,2.99
21.74,5.45
21.76,4.74
21.78,5.25
21.80,5.56
21.82,4.23
21.84,5.63
21.86,7.61
21.88,3.34
21.90,7.61
21.92,4.64
21.94,3.85
21.96,8.64
21.98,5.23
22.00,7.06
22.02,6.23
22.04,2.48
22.06,5.18
22.08,4.21
22.10,2.99
22.12,2.34
22.14,5.15
22.16,5.89
22.18,5.59
22.20,4.54
22.22,3.80
22.24,3.52
22.26,4.17
22.28,3.45
22.30,4.70
22.32,4.97
22.34,3.66
22.36,4.65
22.38,3.86
22.40,4.99
22.42,5.76
22.44,5.27
22.46,5.71
22.48,2.52
22.50,4.43
22.52,5.42
22.54,5.96
22.56,2.60
22.58,5.24
22.60,6.81
22.62,4.73
22.64,4.86
22.66,5.68
22.68,5.37
22.70,6.01
22.72,5.11
22.74,5.23
22.76,3.83
22.78,4.74
22.80,6.88
22.82,4.69
22.84,4.75
22.86,4.26
22.88,6.18
22.90,3.72
22.92,6.37
22.94,3.59
22.96,3.41
22.98,5.31
23.00,5.20
23.02,5.45
23.04,6.59
23.06,4.38
23.08,5.66
23.10,3.64
23.12,6.89
23.14,5.95
23.16,5.80
23.18,5.28
23.20,3.82
23.22,4.51
23.24,5.75
23.26,4.97
23.28,5.19
23.30,2.96
23.32,5.27
23.34,3.96
23.36,3.37
23.38,4.77
23.40,2.22
23.42,6.05
23.44,6.28
23.46,4.92
23.48,3.51
23.50,3.58
23.52,4.77
23.54,1.36
23.56,5.27
23.58,6.00
23.60,4.53
23.62,4.26
23.64,5.27
23.66,5.53
23.68,6.64
23.70,5.03
23.72,3.97
23.74,4.31
23.76,5.27
23.78,7.33
23.80,4.52
23.82,3.42
23.84,3.69
23.86,1.86
23.88,5.49
23.90,2.96
23.92,3.15
23.94,2.04
23.96,3.32
23.98,5.85
24.00,3.03
24.02,2.38
24.04,5.27
24.06,4.49
24.08,5.65
24.10,6.11
24.12,4.99
24.14,3.05
24.16,4.81
24.18,5.75
24.20,4.13
24.22,2.84
24.24,6.65
24.26,4.38
24.28,4.39
24.30,5.02
24.32,6.55
24.34,5.40
24.36,4.50
24.38,6.02
24.40,8.22
24.42,7.08
24.44,6.01
24.46,3.32
24.48,10.63
24.50,3.20
24.52,4.44
24.54,3.95
24.56,7.44
24.58,5.63
24.60,2.86
24.62,5.40
24.64,5.82
24.66,4.52
24.68,3.17
24.70,3.91
24.72,4.34
24.74,5.03
24.76,4.22
24.78,6.10
24.80,3.58
24.82,2.40
24.84,3.89
24.86,7.02
24.88,4.14
24.90,8.51
24.92,5.74
24.94,3.25
24.96,3.75
24.98,5.37
25.00,3.23
25.02,8.56
25.04,3.51
25.06,6.02
25.08,7.19
25.10,4.84
25.12,3.51
25.14,4.59
25.16,5.54
25.18,6.31
25.20,5.09
25.22,2.90
25.24,5.06
25.26,3.99
25.28,1.73
25.30,3.95
25.32,2.85
25.34,5.88
25.36,7.92
25.38,7.79
25.40,4.14
25.42,4.30
25.44,6.03
25.46,6.59
25.48,4.37
25.50,4.79
25.52,8.31
25.54,4.84
25.56,4.27
25.58,5.18
25.60,5.87
25.62,3.47
25.64,4.63
25.66,3.25
25.68,4.58
25.70,7.82
25.72,6.11
25.74,4.86
25.76,3.60
25.78,4.53
25.80,6.58
25.82,4.16
25.84,7.18
25.86,2.94
25.88,4.56
25.90,7.61
25.92,1.99
25.94,6.78
25.96,2.22
25.98,4.87
26.00,4.74
26.02,6.24
26.04,0.29
26.06,2.16
26.08,4.23
26.10,5.23
26.12,4.00
26.14,5.31
26.16,4.42
26.18,6.58
26.20,7.59
26.22,12.00
26.24,16.97
26.26,25.19
26.28,32.55
26.30,48.42
26.32,70.73
26.34,100.10
26.36,140.12
26.38,188.74
26.40,254.66
26.42,327.96
26.44,414.27
26.46,508.45
26.48,612.67
26.50,710.73
26.52,806.66
26.54,887.02
26.56,947.46
26.58,988.60
26.60,1005.14
26.62,989.07
26.64,948.38
26.66,886.35
26.68,804.67
26.70,709.42
26.72,610.43
26.74,510.11
26.76,411.82
26.78,330.08
26.80,252.89
26.82,193.04
26.84,138.47
26.86,98.17
26.88,72.44
26.90,46.52
26.92,32.58
26.94,23.94
26.96,15.60
26.98,9.16
27.00,9.14
27.02,6.89
27.04,8.13
27.06,6.53
27.08,9.89
27.10,2.70
27.12,5.05
27.14,3.44
27.16,6.75
27.18,6.24
27.20,6.13
27.22,3.84
27.24,3.88
27.26,1.96
27.28,7.56
27.30,5.76
27.32,4.61
27.34,6.40
27.36,6.13
27.38,6.46
27.40,2.56
27.42,3.93
27.44,5.29
27.46,5.53
27.48,6.44
27.50,3.49
27.52,5.19
27.54,8.31
27.56,6.04
27.58,6.31
27.60,4.97
27.62,6.15
27.64,7.71
27.66,5.16
27.68,6.84
27.70,3.69
27.72,5.89
27.74,6.36
27.76,3.87
27.78,6.65
27.80,3.99
27.82,3.79
27.84,5.00
27.86,7.90
27.88,5.46
27.90,6.40
27.92,3.90
27.94,5.12
27.96,3.24
27.98,4.14
28.00,6.25
28.02,4.94
28.04,7.18
28.06,4.70
28.08,4.70
28.10,6.92
28.12,4.03
28.14,2.72
28.16,6.95
28.18,5.62
28.20,1.75
28.22,5.07
28.24,4.39
28.26,7.62
28.28,3.91
28.30,4.13
28.32,3.63
28.34,3.42
28.36,3.95
28.38,2.85
28.40,3.45
28.42,2.59
28.44,2.75
28.46,2.66
28.48,4.22
28.50,3.97
28.52,3.16
28.54,5.72
28.56,4.93
28.58,4.35
28.60,4.30
28.62,7.39
28.64,5.36
28.66,5.71
28.68,1.12
28.70,4.02
28.72,1.74
28.74,4.36
28.76,5.56
28.78,3.99
28.80,5.78
28.82,3.47
28.84,5.86
28.86,2.67
28.88,4.61
28.90,5.63
28.92,5.80
28.94,4.81
28.96,7.91
28.98,4.38
29.00,4.32
29.02,0.86
29.04,7.65
29.06,4.45
29.08,3.24
29.10,6.98
29.12,6.85
29.14,5.16
29.16,2.85
29.18,5.63
29.20,4.07
29.22,3.24
29.24,6.57
29.26,1.80
29.28,5.85
29.30,5.69
29.32,8.08
29.34,5.49
29.36,1.91
29.38,3.75
29.40,5.10
29.42,5.53
29.44,6.47
29.46,2.06
29.48,4.51
29.50,6.45
29.52,7.32
29.54,7.79
29.56,4.41
29.58,6.65
29.60,7.57
29.62,6.80
29.64,6.09
29.66,6.24
29.68,3.82
29.70,2.83
29.72,6.47
29.74,4.48
29.76,4.96
29.78,4.13
29.80,4.41
29.82,5.35
29.84,3.47
29.86,5.10
29.88,5.37
29.90,4.88
29.92,3.88
29.94,6.18
29.96,7.81
29.98,4.10
30.00,6.85
30.02,6.33
30.04,1.02
30.06,3.86
30.08,4.05
30.10,6.17
30.12,5.28
30.14,5.71
30.16,5.95
30.18,3.65
30.20,3.88
30.22,3.17
30.24,4.74
30.26,4.82
30.28,5.26
30.30,3.91
30.32,6.36
30.34,6.38
30.36,7.32
30.38,6.07
30.40,5.28
30.42,6.01
30.44,5.91
30.46,4.02
30.48,6.93
30.50,7.58
30.52,7.97
30.54,5.05
30.56,5.49
30.58,5.62
30.60,5.00
30.62,5.93
30.64,4.82
30.66,4.71
30.68,7.64
30.70,5.25
30.72,5.10
30.74,6.32
30.76,5.23
30.78,5.44
30.80,4.90
30.82,3.17
30.84,4.95
30.86,3.29
30.88,5.32
30.90,3.23
30.92,6.38
30.94,6.12
30.96,5.42
30.98,4.85
31.00,5.62
31.02,2.05
31.04,3.35
31.06,4.78
31.08,5.52
31.10,4.88
31.12,3.49
31.14,5.20
31.16,4.32
31.18,3.40
31.20,5.49
31.22,4.69
31.24,6.79
31.26,6.00
31.28,6.10
31.30,5.48
31.32,3.73
31.34,3.60
31.36,2.79
31.38,9.32
31.40,3.38
31.42,4.69
31.44,4.46
31.46,4.58
31.48,4.12
31.50,2.20
31.52,3.50
31.54,2.91
31.56,4.81
31.58,3.97
31.60,3.97
31.62,5.32
31.64,4.13
31.66,6.40
31.68,4.42
31.70,5.34
31.72,3.01
31.74,5.99
31.76,4.39
31.78,5.61
31.80,5.50
31.82,4.74
31.84,5.33
31.86,4.42
31.88,7.02
31.90,6.40
31.92,5.72
31.94,3.23
31.96,3.35
31.98,4.00
32.00,4.63
32.02,5.67
32.04,3.66
32.06,6.77
32.08,5.01
32.10,1.98
32.12,4.29
32.14,1.12
32.16,3.87
32.18,4.18
32.20,4.08
32.22,4.51
32.24,4.41
32.26,4.11
32.28,7.25
32.30,6.82
32.32,3.29
32.34,6.88
32.36,2.57
32.38,3.78
32.40,7.29
32.42,1.64
32.44,5.86
32.46,3.12
32.48,4.78
32.50,4.73
32.52,7.55
32.54,3.78
32.56,4.90
32.58,5.94
32.60,4.62
32.62,3.77
32.64,4.91
32.66,5.14
32.68,6.33
32.70,3.59
32.72,4.33
32.74,5.48
32.76,4.75
32.78,4.72
32.80,4.97
32.82,3.96
32.84,3.80
32.86,5.66
32.88,3.36
32.90,6.75
32.92,5.33
32.94,3.09
32.96,5.42
32.98,5.25
33.00,6.14
33.02,6.74
33.04,4.45
33.06,3.94
33.08,4.09
33.10,3.53
33.12,3.88
33.14,5.43
33.16,5.02
33.18,4.26
33.20,3.89
33.22,5.52
33.24,4.25
33.26,3.44
33.28,4.77
33.30,4.60
33.32,3.39
33.34,6.24
33.36,6.27
33.38,5.06
33.40,5.20
33.42,5.79
33.44,4.95
33.46,6.34
33.48,7.48
33.50,5.12
33.52,5.66
33.54,6.31
33.56,4.49
33.58,3.31
33.60,6.36
33.62,2.65
33.64,7.68
33.66,6.31
33.68,5.28
33.70,5.08
33.72,7.63
33.74,3.58
33.76,3.26
33.78,4.10
33.80,4.61
33.82,3.49
33.84,5.23
33.86,5.20
33.88,3.78
33.90,7.40
33.92,2.91
33.94,3.08
33.96,5.56
33.98,4.69
34.00,5.63
34.02,4.07
34.04,3.45
34.06,4.03
34.08,3.97
34.10,5.79
34.12,4.28
34.14,6.14
34.16,5.88
34.18,6.56
34.20,6.35
34.22,6.18
34.24,6.15
34.26,4.22
34.28,4.61
34.30,2.25
34.32,5.44
34.34,3.99
34.36,5.60
34.38,5.79
34.40,2.97
34.42,3.48
34.44,4.48
34.46,4.22
34.48,5.25
34.50,3.27
34.52,5.07
34.54,2.47
34.56,1.77
34.58,6.07
34.60,3.04
34.62,4.16
34.64,2.87
34.66,2.89
34.68,4.40
34.70,4.38
34.72,6.47
34.74,5.67
34.76,4.61
34.78,6.14
34.80,6.67
34.82,5.62
34.84,4.39
34.86,6.53
34.88,7.65
34.90,5.99
34.92,7.66
34.94,6.39
34.96,6.27
34.98,3.36
35.00,3.33
35.02,4.93
35.04,2.50
35.06,4.11
35.08,6.30
35.10,4.00
35.12,5.80
35.14,2.97
35.16,4.26
35.18,6.54
35.20,5.31
35.22,5.44
35.24,7.56
35.26,6.95
35.28,3.68
35.30,6.98
35.32,4.08
35.34,4.97
35.36,5.02
35.38,6.61
35.40,3.31
35.42,5.68
35.44,5.79
35.46,6.22
35.48,4.68
35.50,6.51
35.52,3.93
35.54,6.72
35.56,5.53
35.58,2.90
35.60,5.61
35.62,5.27
35.64,4.47
35.66,3.90
35.68,4.64
35.70,2.84
35.72,7.54
35.74,3.31
35.76,4.01
35.78,6.72
35.80,5.88
35.82,6.08
35.84,7.28
35.86,4.53
35.88,3.43
35.90,6.27
35.92,6.20
35.94,4.52
35.96,3.12
35.98,6.90
36.00,5.94
36.02,3.07
36.04,6.40
36.06,3.23
36.08,4.93
36.10,4.37
36.12,5.72
36.14,6.34
36.16,8.01
36.18,11.89
36.20,13.81
36.22,17.74
36.24,22.88
36.26,26.27
36.28,33.78
36.30,42.55
36.32,53.57
36.34,62.61
36.36,74.27
36.38,84.90
36.40,95.85
36.42,101.62
36.44,114.20
36.46,119.77
36.48,123.67
36.50,124.21
36.52,122.95
36.54,120.08
36.56,114.14
36.58,102.05
36.60,94.59
36.62,82.53
36.64,70.77
36.66,61.86
36.68,50.52
36.70,40.76
36.72,32.51
36.74,27.25
36.76,21.23
36.78,15.16
36.80,12.11
36.82,10.53
36.84,9.53
36.86,6.02
36.88,7.41
36.90,4.82
36.92,9.74
36.94,3.98
36.96,4.04
36.98,5.42
37.00,3.72
37.02,6.28
37.04,7.72
37.06,4.43
37.08,5.26
37.10,4.23
37.12,5.00
37.14,7.15
37.16,6.34
37.18,3.64
37.20,7.32
37.22,6.74
37.24,5.73
37.26,4.01
37.28,5.10
37.30,3.81
37.32,5.70
37.34,4.53
37.36,1.65
37.38,6.39
37.40,5.29
37.42,6.62
37.44,4.80
37.46,5.28
37.48,6.67
37.50,5.58
37.52,5.43
37.54,9.82
37.56,4.75
37.58,5.25
37.60,7.60
37.62,3.79
37.64,3.44
37.66,2.85
37.68,5.80
37.70,5.94
37.72,6.11
37.74,2.97
37.76,6.51
37.78,6.80
37.80,4.85
37.82,5.05
37.84,6.01
37.86,5.55
37.88,5.96
37.90,3.37
37.92,4.74
37.94,3.18
37.96,5.95
37.98,5.80
38.00,4.85
38.02,5.45
38.04,2.67
38.06,6.29
38.08,4.30
38.10,5.19
38.12,6.67
38.14,3.87
38.16,6.80
38.18,5.19
38.20,5.04
38.22,5.83
38.24,3.13
38.26,5.89
38.28,5.09
38.30,6.55
38.32,4.67
38.34,4.46
38.36,5.55
38.38,4.91
38.40,3.24
38.42,4.71
38.44,6.90
38.46,4.86
38.48,3.69
38.50,6.07
38.52,2.22
38.54,1.82
38.56,4.99
38.58,5.27
38.60,5.33
38.62,3.66
38.64,4.77
38.66,2.90
38.68,5.33
38.70,2.58
38.72,4.78
38.74,5.39
38.76,2.37
38.78,4.22
38.80,6.18
38.82,7.32
38.84,2.75
38.86,5.51
38.88,3.15
38.90,2.99
38.92,7.41
38.94,6.02
38.96,3.83
38.98,5.39
39.00,6.07
39.02,5.45
39.04,8.67
39.06,6.37
39.08,1.23
39.10,5.66
39.12,5.53
39.14,7.08
39.16,8.43
39.18,8.79
39.20,9.92
39.22,15.84
39.24,17.48
39.26,18.95
39.28,24.93
39.30,29.44
39.32,35.34
39.34,37.25
39.36,45.59
39.38,49.11
39.40,57.10
39.42,59.92
39.44,60.89
39.46,67.45
39.48,66.66
39.50,69.67
39.52,69.25
39.54,66.80
39.56,62.07
39.58,58.54
39.60,54.10
39.62,49.64
39.64,46.36
39.66,39.89
39.68,32.73
39.70,30.34
39.72,21.86
39.74,20.99
39.76,16.33
39.78,14.17
39.80,12.53
39.82,8.80
39.84,9.69
39.86,7.52
39.88,10.49
39.90,6.04
39.92,8.25
39.94,7.41
39.96,5.00
39.98,9.40
40.00,6.66
40.02,6.14
40.04,12.41
40.06,14.81
40.08,15.84
40.10,18.40
40.12,24.63
40.14,27.17
40.16,29.22
40.18,35.49
40.20,36.61
40.22,41.40
40.24,43.88
40.26,44.62
40.28,47.70
40.30,51.83
40.32,47.82
40.34,47.09
40.36,43.71
40.38,43.54
40.40,38.48
40.42,35.13
40.44,30.04
40.46,24.34
40.48,20.79
40.50,20.04
40.52,15.66
40.54,14.35
40.56,6.35
40.58,11.09
40.60,7.40
40.62,10.43
40.64,5.71
40.66,6.02
40.68,6.62
40.70,4.08
40.72,6.55
40.74,4.18
40.76,7.02
40.78,6.24
40.80,5.77
40.82,3.93
40.84,4.69
40.86,5.45
40.88,1.95
40.90,4.17
40.92,6.41
40.94,3.10
40.96,6.92
40.98,4.06
41.00,5.48
41.02,3.28
41.04,5.73
41.06,5.69
41.08,6.70
41.10,7.03
41.12,6.88
41.14,5.31
41.16,3.16
41.18,6.99
41.20,3.04
41.22,4.34
41.24,6.11
41.26,5.67
41.28,7.39
41.30,4.99
41.32,2.46
41.34,4.59
41.36,5.26
41.38,4.47
41.40,7.12
41.42,4.63
41.44,2.85
41.46,5.70
41.48,3.28
41.50,7.55
41.52,5.41
41.54,2.90
41.56,6.62
41.58,8.55
41.60,1.99
41.62,6.35
41.64,5.73
41.66,5.26
41.68,5.52
41.70,5.74
41.72,3.96
41.74,7.12
41.76,2.98
41.78,7.94
41.80,7.29
41.82,3.23
41.84,5.00
41.86,7.15
41.88,4.29
41.90,4.81
41.92,4.48
41.94,6.89
41.96,4.30
41.98,5.32
42.00,6.32
42.02,5.44
42.04,4.80
42.06,4.56
42.08,4.92
42.10,6.25
42.12,6.48
42.14,9.26
42.16,12.35
42.18,13.81
42.20,14.57
42.22,16.60
42.24,19.12
42.26,21.11
42.28,23.92
42.30,29.32
42.32,28.37
42.34,32.39
42.36,32.87
42.38,38.34
42.40,32.30
42.42,34.99
42.44,33.30
42.46,31.21
42.48,30.95
42.50,28.48
42.52,24.17
42.54,23.84
42.56,21.20
42.58,20.09
42.60,14.90
42.62,15.93
42.64,11.61
42.66,7.38
42.68,9.84
42.70,7.90
42.72,5.88
42.74,7.97
42.76,5.39
42.78,7.28
42.80,5.38
42.82,6.46
42.84,6.23
42.86,5.85
42.88,3.54
42.90,6.43
42.92,5.06
42.94,8.02
42.96,5.73
42.98,6.13
43.00,3.86
43.02,4.39
43.04,5.15
43.06,3.24
43.08,3.24
43.10,4.84
43.12,4.88
43.14,5.30
43.16,6.68
43.18,4.40
43.20,6.02
43.22,4.78
43.24,4.71
43.26,5.39
43.28,1.90
43.30,5.10
43.32,4.04
43.34,3.61
43.36,2.17
43.38,4.34
43.40,2.18
43.42,6.31
43.44,4.64
43.46,2.48
43.48,3.99
43.50,6.13
43.52,4.11
43.54,4.58
43.56,4.45
43.58,4.81
43.60,2.45
43.62,4.93
43.64,4.16
43.66,9.43
43.68,4.68
43.70,4.32
43.72,6.48
43.74,4.77
43.76,5.38
43.78,3.69
43.80,7.33
43.82,4.06
43.84,5.56
43.86,6.70
43.88,4.54
43.90,5.00
43.92,5.88
43.94,6.02
43.96,3.36
43.98,5.27
44.00,3.58
44.02,3.88
44.04,4.03
44.06,6.82
44.08,7.39
44.10,8.91
44.12,4.92
44.14,3.74
44.16,3.55
44.18,7.41
44.20,2.69
44.22,4.52
44.24,4.15
44.26,7.62
44.28,3.48
44.30,6.65
44.32,6.97
44.34,4.75
44.36,5.70
44.38,2.69
44.40,4.87
44.42,4.68
44.44,1.13
44.46,5.62
44.48,5.53
44.50,2.46
44.52,2.88
44.54,3.88
44.56,4.21
44.58,4.54
44.60,3.56
44.62,3.49
44.64,5.46
44.66,4.29
44.68,4.84
44.70,4.66
44.72,5.69
44.74,4.77
44.76,6.29
44.78,5.15
44.80,6.33
44.82,6.87
44.84,2.81
44.86,6.38
44.88,7.67
44.90,3.54
44.92,4.95
44.94,4.46
44.96,5.66
44.98,5.78
45.00,4.00
45.02,6.97
45.04,3.71
45.06,4.79
45.08,6.54
45.10,7.93
45.12,4.23
45.14,6.17
45.16,5.33
45.18,2.63
45.20,3.57
45.22,3.20
45.24,4.25
45.26,4.38
45.28,5.06
45.30,6.95
45.32,5.69
45.34,9.08
45.36,4.81
45.38,6.48
45.40,6.11
45.42,8.03
45.44,5.62
45.46,8.07
45.48,10.10
45.50,7.76
45.52,10.30
45.54,13.20
45.56,14.35
45.58,16.82
45.60,24.59
45.62,25.74
45.64,33.39
45.66,35.04
45.68,40.61
45.70,47.11
45.72,50.20
45.74,53.09
45.76,56.38
45.78,59.76
45.80,59.00
45.82,59.49
45.84,54.07
45.86,53.61
45.88,50.24
45.90,45.15
45.92,39.43
45.94,34.47
45.96,30.89
45.98,28.32
46.00,19.74
46.02,17.72
46.04,16.47
46.06,12.95
46.08,10.27
46.10,8.16
46.12,7.68
46.14,6.65
46.16,2.91
46.18,4.69
46.20,2.56
46.22,7.23
46.24,6.41
46.26,3.92
46.28,6.27
46.30,8.71
46.32,4.08
46.34,6.96
46.36,5.55
46.38,4.65
46.40,3.34
46.42,4.17
46.44,4.41
46.46,1.53
46.48,5.80
46.50,4.52
46.52,5.69
46.54,4.37
46.56,9.50
46.58,2.51
46.60,3.60
46.62,6.06
46.64,8.54
46.66,3.51
46.68,7.74
46.70,3.62
46.72,6.94
46.74,5.11
46.76,8.34
46.78,7.67
46.80,4.03
46.82,9.40
46.84,3.31
46.86,4.53
46.88,7.71
46.90,3.90
46.92,4.04
46.94,5.20
46.96,5.68
46.98,5.58
47.00,3.88
47.02,5.30
47.04,5.96
47.06,7.26
47.08,5.49
47.10,3.12
47.12,5.04
47.14,4.07
47.16,6.98
47.18,2.49
47.20,5.84
47.22,3.40
47.24,6.91
47.26,6.16
47.28,5.33
47.30,5.76
47.32,4.49
47.34,6.01
47.36,4.93
47.38,6.10
47.40,5.09
47.42,1.28
47.44,4.23
47.46,7.28
47.48,7.18
47.50,5.16
47.52,4.81
47.54,4.50
47.56,5.95
47.58,5.87
47.60,3.53
47.62,5.99
47.64,6.85
47.66,3.57
47.68,4.72
47.70,5.70
47.72,6.08
47.74,4.37
47.76,4.21
47.78,4.30
47.80,5.58
47.82,5.64
47.84,4.97
47.86,2.95
47.88,3.37
47.90,5.96
47.92,3.17
47.94,5.34
47.96,4.46
47.98,4.10
48.00,5.04
48.02,7.51
48.04,5.43
48.06,4.56
48.08,2.79
48.10,5.77
48.12,6.71
48.14,5.91
48.16,6.75
48.18,5.71
48.20,3.05
48.22,4.93
48.24,5.79
48.26,6.08
48.28,4.26
48.30,4.90
48.32,5.55
48.34,6.91
48.36,6.51
48.38,5.97
48.40,5.59
48.42,3.46
48.44,3.35
48.46,4.86
48.48,6.56
48.50,5.59
48.52,5.84
48.54,2.75
48.56,2.81
48.58,6.68
48.60,4.95
48.62,3.03
48.64,6.32
48.66,5.39
48.68,9.43
48.70,6.88
48.72,5.52
48.74,4.77
48.76,5.35
48.78,4.85
48.80,2.84
48.82,6.39
48.84,5.41
48.86,0.87
48.88,4.05
48.90,3.76
48.92,6.47
48.94,4.93
48.96,7.23
48.98,2.61
49.00,3.39
49.02,6.60
49.04,4.02
49.06,3.41
49.08,4.21
49.10,3.86
49.12,5.81
49.14,6.68
49.16,2.62
49.18,4.56
49.20,5.02
49.22,5.12
49.24,6.25
49.26,5.18
49.28,4.13
49.30,3.33
49.32,2.26
49.34,4.44
49.36,5.02
49.38,6.38
49.40,4.43
49.42,8.49
49.44,4.89
49.46,4.28
49.48,5.57
49.50,3.54
49.52,5.31
49.54,1.91
49.56,6.02
49.58,5.12
49.60,5.35
49.62,5.29
49.64,3.21
49.66,3.87
49.68,7.74
49.70,6.44
49.72,5.30
49.74,7.63
49.76,8.86
49.78,13.07
49.80,14.57
49.82,17.45
49.84,21.54
49.86,32.04
49.88,38.38
49.90,48.58
49.92,61.61
49.94,77.71
49.96,95.59
49.98,115.32
50.00,133.57
50.02,150.86
50.04,164.08
50.06,176.52
50.08,185.91
50.10,186.37
50.12,184.92
50.14,173.01
50.16,162.74
50.18,148.01
50.20,128.18
50.22,114.29
50.24,98.23
50.26,78.20
50.28,63.73
50.30,48.60
50.32,37.79
50.34,29.79
50.36,20.42
50.38,18.59
50.40,10.03
50.42,10.63
50.44,7.51
50.46,9.23
50.48,7.34
50.50,2.57
50.52,1.76
50.54,3.71
50.56,4.36
50.58,4.78
50.60,5.08
50.62,6.03
50.64,2.96
50.66,2.30
50.68,5.38
50.70,4.46
50.72,4.85
50.74,4.04
50.76,4.74
50.78,7.23
50.80,2.57
50.82,3.16
50.84,5.96
50.86,7.35
50.88,4.69
50.90,3.11
50.92,2.00
50.94,5.39
50.96,3.13
50.98,8.26
51.00,8.51
51.02,5.34
51.04,5.73
51.06,4.82
51.08,6.71
51.10,5.00
51.12,5.10
51.14,7.04
51.16,5.94
51.18,8.20
51.20,2.54
51.22,4.17
51.24,3.64
51.26,6.26
51.28,4.26
51.30,5.90
51.32,3.25
51.34,4.86
51.36,8.45
51.38,7.46
51.40,2.18
51.42,5.55
51.44,6.24
51.46,4.26
51.48,3.35
51.50,5.99
51.52,5.15
51.54,5.83
51.56,4.76
51.58,8.50
51.60,3.63
51.62,4.26
51.64,5.77
51.66,6.10
51.68,2.93
51.70,6.95
51.72,2.81
51.74,5.01
51.76,4.54
51.78,3.94
51.80,6.70
51.82,1.48
51.84,3.90
51.86,3.65
51.88,6.31
51.90,7.33
51.92,6.16
51.94,7.09
51.96,1.66
51.98,5.25
52.00,2.93
52.02,4.44
52.04,5.37
52.06,5.14
52.08,7.06
52.10,2.03
52.12,3.75
52.14,2.78
52.16,2.54
52.18,6.51
52.20,5.27
52.22,7.33
52.24,6.78
52.26,5.10
52.28,3.55
52.30,6.49
52.32,3.96
52.34,3.20
52.36,3.27
52.38,5.18
52.40,6.90
52.42,5.08
52.44,6.84
52.46,5.14
52.48,4.36
52.50,9.08
52.52,7.73
52.54,5.30
52.56,3.75
52.58,2.59
52.60,5.60
52.62,4.62
52.64,5.70
52.66,5.48
52.68,5.65
52.70,6.71
52.72,5.47
52.74,3.91
52.76,3.84
52.78,5.87
52.80,3.39
52.82,6.08
52.84,6.07
52.86,4.93
52.88,3.83
52.90,2.34
52.92,3.31
52.94,2.56
52.96,5.04
52.98,4.34
53.00,3.62
53.02,6.31
53.04,5.19
53.06,5.07
53.08,5.84
53.10,6.55
53.12,2.60
53.14,6.06
53.16,2.29
53.18,3.81
53.20,6.52
53.22,6.04
53.24,6.00
53.26,5.27
53.28,7.12
53.30,2.69
53.32,4.54
53.34,5.07
53.36,8.05
53.38,6.54
53.40,6.56
53.42,3.86
53.44,8.37
53.46,5.71
53.48,3.49
53.50,8.52
53.52,2.86
53.54,3.70
53.56,4.65
53.58,3.53
53.60,5.79
53.62,5.42
53.64,5.17
53.66,7.84
53.68,2.55
53.70,7.05
53.72,3.76
53.74,7.19
53.76,7.86
53.78,8.45
53.80,4.71
53.82,3.26
53.84,5.49
53.86,4.92
53.88,2.36
53.90,6.10
53.92,3.62
53.94,7.16
53.96,6.45
53.98,4.58
54.00,5.05
54.02,4.64
54.04,4.31
54.06,9.65
54.08,3.60
54.10,5.08
54.12,6.49
54.14,4.42
54.16,4.06
54.18,3.01
54.20,6.79
54.22,6.07
54.24,5.71
54.26,2.74
54.28,5.76
54.30,5.43
54.32,4.50
54.34,2.95
54.36,4.94
54.38,3.73
54.40,5.19
54.42,5.21
54.44,4.67
54.46,6.61
54.48,5.35
54.50,6.47
54.52,6.63
54.54,7.98
54.56,5.65
54.58,7.42
54.60,10.41
54.62,10.64
54.64,13.82
54.66,15.32
54.68,15.97
54.70,20.74
54.72,22.12
54.74,27.26
54.76,32.05
54.78,34.35
54.80,39.45
54.82,36.69
54.84,40.73
54.86,43.11
54.88,44.18
54.90,45.87
54.92,44.53
54.94,45.82
54.96,44.11
54.98,41.29
55.00,36.92
55.02,36.97
55.04,35.01
55.06,32.72
55.08,30.91
55.10,32.24
55.12,29.23
55.14,30.06
55.16,32.73
55.18,34.07
55.20,36.34
55.22,36.47
55.24,36.59
55.26,37.99
55.28,39.94
55.30,41.86
55.32,41.22
55.34,35.94
55.36,37.45
55.38,33.94
55.40,29.54
55.42,31.18
55.44,25.02
55.46,22.67
55.48,22.28
55.50,14.85
55.52,12.77
55.54,13.60
55.56,7.78
55.58,8.55
55.60,7.51
55.62,8.15
55.64,6.75
55.66,4.39
55.68,6.95
55.70,6.58
55.72,3.61
55.74,4.08
55.76,4.28
55.78,3.31
55.80,6.62
55.82,4.53
55.84,4.59
55.86,3.45
55.88,4.41
55.90,7.23
55.92,6.12
55.94,2.57
55.96,3.52
55.98,5.95
56.00,4.25
56.02,4.17
56.04,3.71
56.06,3.00
56.08,5.14
56.10,4.43
56.12,6.71
56.14,4.90
56.16,3.55
56.18,6.04
56.20,7.02
56.22,3.90
56.24,2.45
56.26,4.28
56.28,2.98
56.30,7.46
56.32,2.92
56.34,4.51
56.36,7.21
56.38,6.31
56.40,4.23
56.42,3.83
56.44,4.73
56.46,4.64
56.48,7.24
56.50,4.77
56.52,2.98
56.54,6.48
56.56,6.56
56.58,4.66
56.60,6.16
56.62,5.08
56.64,3.20
56.66,4.89
56.68,3.31
56.70,4.09
56.72,3.66
56.74,5.61
56.76,5.46
56.78,3.30
56.80,4.04
56.82,5.62
56.84,6.61
56.86,6.42
56.88,3.52
56.90,9.45
56.92,11.04
56.94,11.83
56.96,11.57
56.98,13.28
57.00,13.03
57.02,16.22
57.04,16.32
57.06,20.35
57.08,20.17
57.10,25.25
57.12,25.70
57.14,28.96
57.16,29.27
57.18,29.06
57.20,31.26
57.22,27.99
57.24,28.60
57.26,27.00
57.28,27.35
57.30,24.26
57.32,22.72
57.34,20.95
57.36,14.49
57.38,14.55
57.40,14.19
57.42,13.79
57.44,11.61
57.46,11.42
57.48,8.05
57.50,7.67
57.52,6.08
57.54,5.66
57.56,4.67
57.58,4.81
57.60,5.14
57.62,4.30
57.64,5.22
57.66,2.39
57.68,5.71
57.70,5.31
57.72,5.69
57.74,4.32
57.76,4.25
57.78,6.48
57.80,4.77
57.82,7.98
57.84,2.89
57.86,4.63
57.88,3.31
57.90,3.82
57.92,3.82
57.94,4.28
57.96,6.17
57.98,3.28
58.00,5.92
58.02,2.84
58.04,4.39
58.06,6.98
58.08,5.69
58.10,5.41
58.12,5.95
58.14,5.86
58.16,5.94
58.18,7.11
58.20,3.44
58.22,4.89
58.24,5.96
58.26,6.12
58.28,5.84
58.30,6.96
58.32,4.25
58.34,2.98
58.36,6.91
58.38,5.00
58.40,4.18
58.42,5.05
58.44,4.35
58.46,6.51
58.48,6.34
58.50,5.47
58.52,5.81
58.54,5.05
58.56,6.54
58.58,1.46
58.60,3.25
58.62,4.94
58.64,4.38
58.66,3.57
58.68,5.93
58.70,3.53
58.72,5.33
58.74,5.19
58.76,5.09
58.78,3.76
58.80,4.71
58.82,6.84
58.84,5.82
58.86,6.44
58.88,4.88
58.90,2.45
58.92,4.30
58.94,4.77
58.96,6.95
58.98,6.70
59.00,5.64
59.02,3.72
59.04,5.19
59.06,4.61
59.08,4.63
59.10,3.15
59.12,5.70
59.14,4.96
59.16,6.21
59.18,2.81
59.20,3.31
59.22,10.47
59.24,3.68
59.26,5.43
59.28,5.66
59.30,3.53
59.32,7.59
59.34,4.91
59.36,5.24
59.38,7.75
59.40,3.86
59.42,4.35
59.44,4.62
59.46,3.17
59.48,5.79
59.50,6.33
59.52,6.25
59.54,7.50
59.56,8.59
59.58,8.89
59.60,9.52
59.62,13.71
59.64,13.43
59.66,19.83
59.68,21.43
59.70,27.58
59.72,34.58
59.74,34.42
59.76,43.91
59.78,50.11
59.80,59.63
59.82,62.31
59.84,72.02
59.86,69.47
59.88,74.70
59.90,74.42
59.92,74.93
59.94,70.92
59.96,67.25
59.98,60.19
60.00,57.23
60.02,48.47
60.04,42.23
60.06,37.95
60.08,31.66
60.10,27.98
60.12,19.69
60.14,18.37
60.16,14.96
60.18,11.43
60.20,8.68
60.22,8.26
60.24,8.62
60.26,5.95
60.28,7.25
60.30,5.20
60.32,7.97
60.34,5.27
60.36,4.87
60.38,2.66
60.40,2.90
60.42,5.60
60.44,4.67
60.46,5.43
60.48,3.98
60.50,4.78
60.52,4.07
60.54,5.44
60.56,4.67
60.58,7.80
60.60,3.97
60.62,6.68
60.64,3.42
60.66,4.30
60.68,3.74
60.70,6.89
60.72,5.66
60.74,5.21
60.76,5.35
60.78,3.37
60.80,7.10
60.82,7.08
60.84,4.95
60.86,5.02
60.88,5.97
60.90,4.74
60.92,4.70
60.94,4.26
60.96,4.48
60.98,4.29
61.00,6.09
61.02,4.51
61.04,4.36
61.06,4.06
61.08,2.75
61.10,7.34
61.12,5.76
61.14,6.30
61.16,4.21
61.18,7.19
61.20,5.22
61.22,7.18
61.24,4.98
61.26,4.93
61.28,4.21
61.30,5.12
61.32,5.34
61.34,7.24
61.36,7.31
61.38,5.13
61.40,6.83
61.42,0.92
61.44,4.29
61.46,5.37
61.48,6.33
61.50,5.63
61.52,4.92
61.54,4.31
61.56,3.80
61.58,7.85
61.60,6.68
61.62,6.96
61.64,5.02
61.66,4.20
61.68,5.83
61.70,4.96
61.72,4.81
61.74,4.96
61.76,4.05
61.78,3.69
61.80,4.64
61.82,2.92
61.84,5.90
61.86,6.26
61.88,3.85
61.90,2.26
61.92,5.59
61.94,5.36
61.96,5.03
61.98,3.00
62.00,2.12
62.02,7.57
62.04,4.68
62.06,5.76
62.08,4.89
62.10,5.62
62.12,3.08
62.14,4.33
62.16,2.97
62.18,3.37
62.20,3.94
62.22,2.29
62.24,4.31
62.26,3.93
62.28,3.22
62.30,4.80
62.32,4.98
62.34,3.74
62.36,8.02
62.38,6.08
62.40,6.68
62.42,4.51
62.44,6.34
62.46,6.15
62.48,3.47
62.50,3.98
62.52,9.37
62.54,4.38
62.56,5.73
62.58,4.68
62.60,6.25
62.62,3.51
62.64,3.49
62.66,6.70
62.68,5.30
62.70,1.28
62.72,5.04
62.74,4.73
62.76,6.07
62.78,5.48
62.80,5.51
62.82,5.13
62.84,5.44
62.86,3.27
62.88,3.78
62.90,3.72
62.92,2.99
62.94,6.18
62.96,6.62
62.98,5.92
63.00,4.10
63.02,4.19
63.04,4.34
63.06,6.67
63.08,5.79
63.10,7.61
63.12,3.55
63.14,4.66
63.16,3.11
63.18,2.87
63.20,4.77
63.22,4.50
63.24,4.23
63.26,2.70
63.28,5.30
63.30,4.57
63.32,6.37
63.34,5.83
63.36,3.03
63.38,5.59
63.40,4.10
63.42,7.30
63.44,4.96
63.46,4.24
63.48,4.39
63.50,2.75
63.52,6.91
63.54,8.18
63.56,2.41
63.58,4.62
63.60,4.83
63.62,4.11
63.64,6.83
63.66,6.87
63.68,4.63
63.70,8.11
63.72,5.05
63.74,4.64
63.76,5.42
63.78,3.88
63.80,7.18
63.82,5.92
63.84,4.47
63.86,4.72
63.88,3.64
63.90,5.39
63.92,3.06
63.94,5.00
63.96,4.22
63.98,5.85
64.00,6.56
64.02,6.18
64.04,4.82
64.06,3.94
64.08,4.55
64.10,4.98
64.12,5.73
64.14,4.15
64.16,3.55
64.18,5.26
64.20,7.04
64.22,7.81
64.24,6.19
64.26,3.51
64.28,7.11
64.30,3.73
64.32,3.84
64.34,5.64
64.36,2.93
64.38,6.20
64.40,4.92
64.42,5.60
64.44,3.76
64.46,6.27
64.48,5.77
64.50,4.46
64.52,6.42
64.54,1.01
64.56,5.54
64.58,4.84
64.60,3.81
64.62,5.27
64.64,5.75
64.66,3.89
64.68,4.82
64.70,4.94
64.72,5.59
64.74,6.84
64.76,4.30
64.78,6.98
64.80,3.04
64.82,5.45
64.84,2.42
64.86,5.11
64.88,6.08
64.90,8.03
64.92,5.07
64.94,3.88
64.96,6.54
64.98,5.06
65.00,5.15
65.02,6.38
65.04,6.64
65.06,2.40
65.08,5.08
65.10,4.98
65.12,3.40
65.14,2.56
65.16,4.90
65.18,4.30
65.20,3.91
65.22,4.79
65.24,4.47
65.26,5.03
65.28,7.37
65.30,4.95
65.32,7.82
65.34,6.87
65.36,6.45
65.38,3.91
65.40,4.56
65.42,3.62
65.44,5.62
65.46,4.90
65.48,5.66
65.50,5.45
65.52,5.25
65.54,4.46
65.56,3.54
65.58,4.34
65.60,6.07
65.62,4.75
65.64,4.91
65.66,6.30
65.68,5.73
65.70,2.79
65.72,4.88
65.74,3.69
65.76,4.92
65.78,5.59
65.80,5.76
65.82,7.50
65.84,4.25
65.86,4.56
65.88,5.86
65.90,6.44
65.92,3.45
65.94,6.03
65.96,6.00
65.98,4.77
66.00,4.58
66.02,6.10
66.04,5.64
66.06,5.60
66.08,3.90
66.10,2.42
66.12,4.86
66.14,4.59
66.16,5.69
66.18,3.85
66.20,5.95
66.22,5.61
66.24,3.89
66.26,6.42
66.28,4.49
66.30,3.96
66.32,5.38
66.34,4.98
66.36,3.64
66.38,5.93
66.40,4.99
66.42,3.86
66.44,2.37
66.46,5.64
66.48,5.15
66.50,5.18
66.52,7.07
66.54,1.26
66.56,6.90
66.58,7.05
66.60,3.53
66.62,6.52
66.64,3.78
66.66,3.44
66.68,4.85
66.70,7.74
66.72,5.54
66.74,5.07
66.76,6.33
66.78,4.07
66.80,7.25
66.82,7.36
66.84,5.64
66.86,3.82
66.88,6.61
66.90,5.44
66.92,5.97
66.94,6.70
66.96,5.65
66.98,3.65
67.00,7.24
67.02,5.42
67.04,5.49
67.06,5.92
67.08,5.47
67.10,6.12
67.12,5.30
67.14,4.73
67.16,4.17
67.18,4.23
67.20,4.57
67.22,6.48
67.24,4.49
67.26,4.83
67.28,4.85
67.30,5.80
67.32,5.97
67.34,7.96
67.36,2.91
67.38,4.66
67.40,5.86
67.42,2.47
67.44,7.61
67.46,4.83
67.48,3.81
67.50,6.46
67.52,1.70
67.54,5.32
67.56,3.51
67.58,4.98
67.60,5.56
67.62,6.19
67.64,5.62
67.66,8.13
67.68,5.09
67.70,4.49
67.72,6.84
67.74,4.90
67.76,5.63
67.78,0.00
67.80,5.68
67.82,4.89
67.84,4.35
67.86,4.02
67.88,6.35
67.90,1.94
67.92,9.72
67.94,6.73
67.96,5.55
67.98,7.85
68.00,5.41
68.02,3.66
68.04,6.54
68.06,2.55
68.08,5.90
68.10,6.80
68.12,5.80
68.14,2.82
68.16,5.31
68.18,4.82
68.20,3.89
68.22,1.53
68.24,3.22
68.26,4.25
68.28,6.69
68.30,9.13
68.32,6.29
68.34,3.82
68.36,4.37
68.38,6.62
68.40,5.92
68.42,5.59
68.44,5.36
68.46,6.80
68.48,8.35
68.50,5.01
68.52,5.24
68.54,5.76
68.56,4.31
68.58,1.71
68.60,5.74
68.62,3.90
68.64,6.97
68.66,5.27
68.68,7.25
68.70,3.71
68.72,6.70
68.74,2.55
68.76,6.41
68.78,4.64
68.80,6.41
68.82,4.46
68.84,6.02
68.86,5.75
68.88,5.57
68.90,5.66
68.92,7.52
68.94,4.16
68.96,7.11
68.98,4.47
69.00,6.81
69.02,8.51
69.04,3.80
69.06,1.77
69.08,5.25
69.10,3.96
69.12,4.21
69.14,4.51
69.16,4.20
69.18,7.15
69.20,6.69
69.22,6.74
69.24,8.47
69.26,3.84
69.28,1.25
69.30,8.04
69.32,5.38
69.34,4.92
69.36,2.30
69.38,2.97
69.40,6.04
69.42,4.79
69.44,1.77
69.46,3.59
69.48,6.57
69.50,6.92
69.52,5.32
69.54,9.25
69.56,6.54
69.58,7.72
69.60,7.00
69.62,6.25
69.64,2.99
69.66,2.60
69.68,3.89
69.70,5.39
69.72,5.00
69.74,5.56
69.76,4.97
69.78,5.72
69.80,6.48
69.82,5.01
69.84,4.57
69.86,1.07
69.88,6.31
69.90,3.84
69.92,3.64
69.94,6.30
69.96,6.38
69.98,6.02
70.00,6.43
70.02,3.36
70.04,4.66
70.06,4.17
70.08,7.59
70.10,6.30
70.12,4.63
70.14,6.26
70.16,5.56
70.18,4.82
70.20,5.70
70.22,6.28
70.24,4.79
70.26,3.12
70.28,5.53
70.30,4.60
70.32,3.28
70.34,3.85
70.36,4.63
70.38,5.04
70.40,5.84
70.42,4.68
70.44,5.67
70.46,4.44
70.48,5.82
70.50,5.60
70.52,5.85
70.54,7.16
70.56,4.58
70.58,2.61
70.60,4.88
70.62,6.21
70.64,5.04
70.66,5.48
70.68,2.42
70.70,3.75
70.72,5.81
70.74,6.17
70.76,3.87
70.78,5.55
70.80,3.93
70.82,3.27
70.84,5.11
70.86,5.33
70.88,5.59
70.90,6.10
70.92,7.52
70.94,6.42
70.96,4.46
70.98,6.41
71.00,2.80
71.02,5.15
71.04,6.58
71.06,6.02
71.08,6.24
71.10,7.87
71.12,3.89
71.14,6.19
71.16,4.86
71.18,6.67
71.20,5.18
71.22,6.17
71.24,7.32
71.26,5.95
71.28,4.69
71.30,4.45
71.32,3.96
71.34,6.56
71.36,6.97
71.38,4.63
71.40,2.29
71.42,4.05
71.44,5.65
71.46,3.58
71.48,2.06
71.50,4.33
71.52,1.94
71.54,5.49
71.56,4.40
71.58,5.09
71.60,6.94
71.62,3.64
71.64,1.78
71.66,4.96
71.68,5.70
71.70,2.86
71.72,4.45
71.74,4.48
71.76,5.04
71.78,4.08
71.80,9.00
71.82,4.61
71.84,5.28
71.86,4.27
71.88,1.04
71.90,7.07
71.92,0.26
71.94,7.04
71.96,3.02
71.98,2.96
72.00,4.84
72.02,8.29
72.04,5.48
72.06,4.71
72.08,3.85
72.10,5.98
72.12,4.44
72.14,6.07
72.16,2.05
72.18,5.79
72.20,5.48
72.22,2.96
72.24,3.45
72.26,4.78
72.28,4.27
72.30,5.44
72.32,2.85
72.34,3.67
72.36,8.17
72.38,3.74
72.40,4.36
72.42,4.73
72.44,4.58
72.46,6.81
72.48,4.14
72.50,6.28
72.52,3.72
72.54,6.16
72.56,4.68
72.58,4.74
72.60,4.87
72.62,5.83
72.64,3.21
72.66,3.54
72.68,8.06
72.70,5.76
72.72,4.46
72.74,5.96
72.76,4.91
72.78,1.62
72.80,5.24
72.82,4.82
72.84,5.52
72.86,3.84
72.88,4.67
72.90,6.71
72.92,4.77
72.94,4.36
72.96,5.55
72.98,4.41
73.00,6.60
73.02,4.74
73.04,5.55
73.06,3.94
73.08,3.13
73.10,6.08
73.12,5.39
73.14,5.96
73.16,6.11
73.18,2.80
73.20,5.18
73.22,1.99
73.24,5.78
73.26,3.37
73.28,5.70
73.30,6.09
73.32,4.19
73.34,4.97
73.36,6.83
73.38,2.52
73.40,5.97
73.42,5.18
73.44,6.42
73.46,2.52
73.48,5.01
73.50,6.66
73.52,7.04
73.54,3.85
73.56,4.58
73.58,7.76
73.60,2.87
73.62,4.93
73.64,5.27
73.66,5.26
73.68,3.60
73.70,6.45
73.72,6.33
73.74,7.72
73.76,3.81
73.78,4.28
73.80,6.64
73.82,7.72
73.84,4.99
73.86,2.71
73.88,4.68
73.90,6.45
73.92,6.02
73.94,6.67
73.96,7.89
73.98,4.35
74.00,3.64
74.02,3.20
74.04,4.82
74.06,6.53
74.08,7.59
74.10,5.33
74.12,5.02
74.14,4.80
74.16,6.84
74.18,3.86
74.20,4.84
74.22,4.88
74.24,4.96
74.26,7.71
74.28,3.66
74.30,8.68
74.32,4.02
74.34,3.77
74.36,4.01
74.38,5.97
74.40,4.98
74.42,6.68
74.44,3.76
74.46,2.49
74.48,4.44
74.50,5.42
74.52,2.80
74.54,4.84
74.56,5.80
74.58,3.79
74.60,3.76
74.62,3.36
74.64,4.78
74.66,5.68
74.68,9.12
74.70,6.75
74.72,3.11
74.74,2.69
74.76,4.83
74.78,7.36
74.80,5.99
74.82,4.21
74.84,6.50
74.86,7.07
74.88,7.19
74.90,3.40
74.92,5.66
74.94,3.08
74.96,3.79
74.98,3.08
75.00,4.61
75.02,2.85
75.04,6.16
75.06,4.98
75.08,3.70
75.10,5.73
75.12,7.30
75.14,5.52
75.16,4.12
75.18,4.57
75.20,4.84
75.22,3.95
75.24,2.43
75.26,4.43
75.28,6.86
75.30,3.76
75.32,2.10
75.34,4.87
75.36,6.65
75.38,2.42
75.40,5.29
75.42,5.62
75.44,5.81
75.46,5.84
75.48,5.91
75.50,2.62
75.52,5.92
75.54,7.07
75.56,4.67
75.58,5.56
75.60,3.48
75.62,6.95
75.64,4.07
75.66,7.47
75.68,4.43
75.70,6.02
75.72,4.20
75.74,7.82
75.76,2.04
75.78,5.55
75.80,1.88
75.82,3.19
75.84,7.84
75.86,6.36
75.88,1.98
75.90,4.99
75.92,4.07
75.94,5.85
75.96,7.78
75.98,5.98
76.00,5.65
76.02,5.76
76.04,3.36
76.06,6.05
76.08,6.38
76.10,4.08
76.12,4.04
76.14,7.17
76.16,5.31
76.18,3.29
76.20,4.36
76.22,4.31
76.24,4.90
76.26,4.89
76.28,4.63
76.30,7.51
76.32,6.25
76.34,7.22
76.36,2.46
76.38,5.17
76.40,6.76
76.42,6.09
76.44,3.98
76.46,3.87
76.48,6.44
76.50,4.68
76.52,5.97
76.54,5.23
76.56,4.82
76.58,5.18
76.60,3.76
76.62,7.55
76.64,5.82
76.66,7.10
76.68,4.21
76.70,4.19
76.72,4.52
76.74,3.71
76.76,6.02
76.78,6.07
76.80,4.23
76.82,4.52
76.84,5.56
76.86,3.87
76.88,4.39
76.90,7.34
76.92,3.88
76.94,4.22
76.96,8.76
76.98,1.81
77.00,3.22
77.02,7.70
77.04,4.39
77.06,5.75
77.08,8.18
77.10,3.92
77.12,4.11
77.14,5.62
77.16,4.89
77.18,4.21
77.20,4.80
77.22,3.01
77.24,5.70
77.26,6.25
77.28,4.76
77.30,4.66
77.32,5.82
77.34,4.19
77.36,4.54
77.38,4.90
77.40,7.21
77.42,4.93
77.44,4.83
77.46,4.75
77.48,4.42
77.50,3.55
77.52,3.62
77.54,6.29
77.56,4.15
77.58,5.14
77.60,4.29
77.62,3.01
77.64,4.30
77.66,7.10
77.68,4.38
77.70,3.99
77.72,4.36
77.74,4.50
77.76,5.34
77.78,4.38
77.80,4.85
77.82,4.26
77.84,5.54
77.86,5.47
77.88,5.32
77.90,5.95
77.92,4.85
77.94,6.82
77.96,5.70
77.98,7.23
78.00,4.88
78.02,5.41
78.04,3.98
78.06,5.02
78.08,6.23
78.10,4.45
78.12,7.24
78.14,5.04
78.16,7.37
78.18,3.43
78.20,4.58
78.22,4.26
78.24,6.52
78.26,5.96
78.28,4.89
78.30,4.32
78.32,4.96
78.34,6.09
78.36,6.25
78.38,4.91
78.40,4.33
78.42,5.15
78.44,5.19
78.46,5.38
78.48,4.32
78.50,7.61
78.52,4.06
78.54,7.27
78.56,7.09
78.58,6.42
78.60,7.81
78.62,5.83
78.64,4.52
78.66,4.22
78.68,3.99
78.70,6.26
78.72,2.78
78.74,2.87
78.76,7.30
78.78,6.52
78.80,5.62
78.82,6.39
78.84,6.16
78.86,4.72
78.88,2.80
78.90,6.92
78.92,5.67
78.94,2.94
78.96,5.21
78.98,4.30
79.00,4.83
79.02,4.51
79.04,5.83
79.06,4.69
79.08,3.27
79.10,6.01
79.12,5.73
79.14,2.86
79.16,5.61
79.18,6.33
79.20,4.77
79.22,5.28
79.24,3.85
79.26,2.37
79.28,5.78
79.30,4.87
79.32,5.64
79.34,4.65
79.36,4.61
79.38,5.24
79.40,4.91
79.42,6.30
79.44,4.36
79.46,2.83
79.48,5.22
79.50,3.05
79.52,1.20
79.54,3.35
79.56,4.34
79.58,3.81
79.60,2.69
79.62,4.66
79.64,6.82
79.66,6.24
79.68,5.01
79.70,6.38
79.72,4.34
79.74,3.68
79.76,6.02
79.78,3.37
79.80,5.50
79.82,4.96
79.84,4.46
79.86,4.31
79.88,6.71
79.90,2.62
79.92,5.40
79.94,4.57
79.96,3.89
79.98,5.06
80.00,5.47
